LayoutIndex, AlgorithmName, Status(0=FAIL 1=OK 3=TIMEOUT), UserTotalTime, UserAverageTime, UserSize, DataChunkSize(k), ChecksumChunkSize(r), RunTimeCost, StorageSize, POISize, MaxQuota, SortedQuota
0, SMP-USER, 1, 0.8345893951898398, 0.20864734879745994, 4,3, 4, 0.019996818, 25, 30, 3, 0|0|0|0|0|0|0|0|0|0|0|0|1|1|1|2|2|2|2|2|3|3|3|3|3
0, SMP-SERVER, 1, 0.8385529537796813, 0.20963823844492033, 4,3, 4, 0.007479484, 25, 30, 3, 0|0|0|0|0|0|0|0|0|0|0|1|1|1|1|1|1|2|2|3|3|3|3|3|3
0, Greedy-DT, 1, 0.902490245556348, 0.225622561389087, 4,3, 4, 0.003254519, 25, 30, 3, 0|0|0|0|0|0|0|0|0|0|0|1|1|1|1|1|1|1|3|3|3|3|3|3|3
0, Greedy-CK, 1, 0.905087107112998, 0.2262717767782495, 4,3, 4, 0.001066569, 25, 30, 3, 0|0|0|0|0|0|0|0|0|0|0|1|1|1|1|1|1|1|3|3|3|3|3|3|3
0, Greedy-RD, 1, 0.904014419287093, 0.22600360482177326, 4,3, 4, 0.001200708, 25, 30, 3, 0|0|0|0|0|0|0|0|0|0|0|1|1|1|1|1|1|1|3|3|3|3|3|3|3
0, BALANCE, 1, 1.1482320005033522, 0.28705800012583804, 4,3, 4, 0.001029288, 25, 30, 3, 1|1|1|1|1|1|1|1|1|1|1|1|1|1|1|1|1|1|1|1|1|1|2|2|2
0, Greedy-CNT-D, 1, 0.9191977407628017, 0.22979943519070042, 4,3, 4, 0.001324026, 25, 30, 3, 0|0|0|0|0|0|0|0|1|1|1|1|1|1|1|1|1|2|2|2|2|2|3|3|3
0, Greedy-CNT-C, 1, 0.9194053305227962, 0.22985133263069904, 4,3, 4, 0.001240152, 25, 30, 3, 0|0|0|0|0|0|0|0|1|1|1|1|1|1|1|1|1|2|2|2|2|2|3|3|3
0, MILP-OPT, 2, 0.8698499741275861, 0.21746249353189653, 4,3, 4, 60.012515709, 25, 30, 3, 0|0|0|0|0|0|0|0|0|1|1|1|1|1|1|2|2|2|2|2|2|2|2|3|3
1, SMP-USER, 1, 1.2569214182879775, 0.3142303545719944, 4,3, 4, 0.003724859, 25, 30, 3, 0|0|0|0|0|0|0|0|0|0|1|1|1|1|1|1|1|2|2|2|3|3|3|3|3
1, SMP-SERVER, 1, 1.2928263811304956, 0.3232065952826239, 4,3, 4, 0.004533386, 25, 30, 3, 0|0|0|0|0|0|0|0|0|0|1|1|1|1|1|1|1|1|2|3|3|3|3|3|3
1, Greedy-DT, 1, 1.4973454441176908, 0.3743363610294227, 4,3, 4, 7.24881E-4, 25, 30, 3, 0|0|0|0|0|0|0|0|0|0|0|1|1|1|1|1|1|1|3|3|3|3|3|3|3
1, Greedy-CK, 1, 1.497414880072014, 0.3743537200180035, 4,3, 4, 7.92965E-4, 25, 30, 3, 0|0|0|0|0|0|0|0|0|0|0|1|1|1|1|1|1|1|3|3|3|3|3|3|3
1, Greedy-RD, 1, 1.5047352430535772, 0.3761838107633943, 4,3, 4, 8.45751E-4, 25, 30, 3, 0|0|0|0|0|0|0|0|0|0|0|1|1|1|1|1|1|1|3|3|3|3|3|3|3
1, BALANCE, 1, 1.613050704496063, 0.40326267612401573, 4,3, 4, 4.44303E-4, 25, 30, 3, 1|1|1|1|1|1|1|1|1|1|1|1|1|1|1|1|1|1|1|1|1|1|2|2|2
1, Greedy-CNT-D, 1, 1.3696301602651642, 0.34240754006629104, 4,3, 4, 6.49801E-4, 25, 30, 3, 0|0|0|0|0|0|0|0|0|0|0|1|1|1|2|2|2|2|2|2|2|2|3|3|3
1, Greedy-CNT-C, 1, 1.4056641275122166, 0.35141603187805415, 4,3, 4, 5.71878E-4, 25, 30, 3, 0|0|0|0|0|0|0|0|0|0|0|1|1|1|2|2|2|2|2|2|2|2|3|3|3
1, MILP-OPT, 2, 1.2459851852675763, 0.3114962963168941, 4,3, 4, 60.008081233, 25, 30, 3, 0|0|0|0|0|0|0|0|0|0|0|0|0|1|1|2|2|2|2|3|3|3|3|3|3
2, SMP-USER, 1, 1.215845263744343, 0.3039613159360858, 4,3, 4, 0.002507215, 25, 30, 3, 0|0|0|0|0|0|0|0|0|1|1|1|1|1|1|1|1|2|2|2|2|3|3|3|3
2, SMP-SERVER, 1, 1.219190567729251, 0.30479764193231274, 4,3, 4, 0.002630797, 25, 30, 3, 0|0|0|0|0|0|0|0|0|1|1|1|1|1|1|1|2|2|2|2|2|2|3|3|3
2, Greedy-DT, 1, 1.4866417678036556, 0.3716604419509139, 4,3, 4, 5.71097E-4, 25, 30, 3, 0|0|0|0|0|0|0|0|0|0|0|1|1|1|1|1|1|1|3|3|3|3|3|3|3
2, Greedy-CK, 1, 1.4893476406006556, 0.3723369101501639, 4,3, 4, 5.24765E-4, 25, 30, 3, 0|0|0|0|0|0|0|0|0|0|0|1|1|1|1|1|1|1|3|3|3|3|3|3|3
2, Greedy-RD, 1, 1.4881765767916555, 0.3720441441979139, 4,3, 4, 5.84879E-4, 25, 30, 3, 0|0|0|0|0|0|0|0|0|0|0|1|1|1|1|1|1|1|3|3|3|3|3|3|3
2, BALANCE, 1, 1.813859039786131, 0.45346475994653274, 4,3, 4, 5.07731E-4, 25, 30, 3, 1|1|1|1|1|1|1|1|1|1|1|1|1|1|1|1|1|1|1|1|1|1|2|2|2
2, Greedy-CNT-D, 1, 1.300009415621389, 0.32500235390534726, 4,3, 4, 6.2847E-4, 25, 30, 3, 0|0|0|0|0|0|0|0|1|1|1|1|1|1|1|1|1|2|2|2|2|2|3|3|3
2, Greedy-CNT-C, 1, 1.3067185176318996, 0.3266796294079749, 4,3, 4, 5.89951E-4, 25, 30, 3, 0|0|0|0|0|0|0|0|1|1|1|1|1|1|1|1|1|2|2|2|2|2|3|3|3
2, MILP-OPT, 2, 1.2138972136861117, 0.3034743034215279, 4,3, 4, 60.01111214, 25, 30, 3, 0|0|0|0|0|0|0|0|0|1|1|1|1|1|1|1|1|2|2|2|2|3|3|3|3
3, SMP-USER, 1, 1.0038465167926984, 0.2509616291981746, 4,3, 4, 9.28498E-4, 25, 30, 3, 0|0|0|0|0|0|0|0|1|1|1|1|1|1|1|1|1|2|2|2|2|2|3|3|3
3, SMP-SERVER, 1, 1.0507879973204333, 0.2626969993301083, 4,3, 4, 0.001667673, 25, 30, 3, 0|0|0|0|0|0|0|0|0|0|1|1|1|1|1|1|2|2|2|2|2|3|3|3|3
3, Greedy-DT, 1, 1.1927879443863, 0.298196986096575, 4,3, 4, 3.48132E-4, 25, 30, 3, 0|0|0|0|0|0|0|0|0|0|0|1|1|1|1|1|1|1|3|3|3|3|3|3|3
3, Greedy-CK, 1, 1.1932160222928407, 0.2983040055732102, 4,3, 4, 3.58997E-4, 25, 30, 3, 0|0|0|0|0|0|0|0|0|0|0|1|1|1|1|1|1|1|3|3|3|3|3|3|3
3, Greedy-RD, 1, 1.193072713894244, 0.298268178473561, 4,3, 4, 4.61945E-4, 25, 30, 3, 0|0|0|0|0|0|0|0|0|0|0|1|1|1|1|1|1|1|3|3|3|3|3|3|3
3, BALANCE, 1, 1.5426247726470348, 0.3856561931617587, 4,3, 4, 4.53126E-4, 25, 30, 3, 1|1|1|1|1|1|1|1|1|1|1|1|1|1|1|1|1|1|1|1|1|1|2|2|2
3, Greedy-CNT-D, 1, 1.1675109490290687, 0.2918777372572672, 4,3, 4, 6.08738E-4, 25, 30, 3, 0|0|0|0|0|0|0|0|0|0|0|0|0|1|1|2|2|2|2|3|3|3|3|3|3
3, Greedy-CNT-C, 1, 1.1707401187228073, 0.2926850296807018, 4,3, 4, 5.87403E-4, 25, 30, 3, 0|0|0|0|0|0|0|0|0|0|0|0|0|1|1|2|2|2|2|3|3|3|3|3|3
3, MILP-OPT, 2, 0.9962972154330283, 0.24907430385825707, 4,3, 4, 60.02428962, 25, 30, 3, 0|0|0|0|0|0|0|0|1|1|1|1|1|1|1|1|1|2|2|2|2|2|3|3|3
4, SMP-USER, 1, 0.8405255483161407, 0.21013138707903517, 4,3, 4, 0.001113351, 25, 30, 3, 0|0|0|0|0|0|0|0|1|1|1|1|1|1|1|1|1|1|1|2|3|3|3|3|3
4, SMP-SERVER, 1, 0.8652749069576378, 0.21631872673940944, 4,3, 4, 0.002561045, 25, 30, 3, 0|0|0|0|0|0|0|1|1|1|1|1|1|1|1|1|1|2|2|2|2|2|2|3|3
4, Greedy-DT, 1, 1.157088949684754, 0.2892722374211885, 4,3, 4, 3.12291E-4, 25, 30, 3, 0|0|0|0|0|0|0|0|0|0|0|1|1|1|1|1|1|1|3|3|3|3|3|3|3
4, Greedy-CK, 1, 1.1326258413928412, 0.2831564603482103, 4,3, 4, 3.21184E-4, 25, 30, 3, 0|0|0|0|0|0|0|0|0|0|0|1|1|1|1|1|1|1|3|3|3|3|3|3|3
4, Greedy-RD, 1, 1.1491680953259216, 0.2872920238314804, 4,3, 4, 3.01701E-4, 25, 30, 3, 0|0|0|0|0|0|0|0|0|0|0|1|1|1|1|1|1|1|3|3|3|3|3|3|3
4, BALANCE, 1, 1.1718542253695943, 0.29296355634239857, 4,3, 4, 2.59633E-4, 25, 30, 3, 1|1|1|1|1|1|1|1|1|1|1|1|1|1|1|1|1|1|1|1|1|1|2|2|2
4, Greedy-CNT-D, 1, 0.8992182540412188, 0.2248045635103047, 4,3, 4, 4.02617E-4, 25, 30, 3, 0|0|0|0|0|0|1|1|1|1|1|1|1|1|1|1|1|1|1|2|2|2|3|3|3
4, Greedy-CNT-C, 1, 0.8692356607675478, 0.21730891519188694, 4,3, 4, 4.02773E-4, 25, 30, 3, 0|0|0|0|0|0|1|1|1|1|1|1|1|1|1|1|1|1|1|2|2|2|3|3|3
4, MILP-OPT, 2, 0.8609495865487644, 0.2152373966371911, 4,3, 4, 60.014573278, 25, 30, 3, 0|0|0|0|0|0|1|1|1|1|1|1|1|1|1|1|1|2|2|2|2|2|2|2|3
5, SMP-USER, 1, 1.3009969759931461, 0.32524924399828653, 4,3, 4, 0.001449734, 25, 30, 3, 0|0|0|0|0|0|0|0|0|0|0|0|1|1|1|1|1|2|3|3|3|3|3|3|3
5, SMP-SERVER, 1, 1.3058425024215718, 0.32646062560539296, 4,3, 4, 0.001405123, 25, 30, 3, 0|0|0|0|0|0|0|0|0|0|0|1|1|1|1|1|1|1|3|3|3|3|3|3|3
5, Greedy-DT, 1, 1.511255172319112, 0.377813793079778, 4,3, 4, 2.33574E-4, 25, 30, 3, 0|0|0|0|0|0|0|0|0|0|0|1|1|1|1|1|1|1|3|3|3|3|3|3|3
5, Greedy-CK, 1, 1.5169249222904526, 0.37923123057261315, 4,3, 4, 2.05189E-4, 25, 30, 3, 0|0|0|0|0|0|0|0|0|0|0|1|1|1|1|1|1|1|3|3|3|3|3|3|3
5, Greedy-RD, 1, 1.5137524947175085, 0.3784381236793771, 4,3, 4, 2.72626E-4, 25, 30, 3, 0|0|0|0|0|0|0|0|0|0|0|1|1|1|1|1|1|1|3|3|3|3|3|3|3
5, BALANCE, 1, 1.5594126145833942, 0.38985315364584855, 4,3, 4, 2.1355E-4, 25, 30, 3, 1|1|1|1|1|1|1|1|1|1|1|1|1|1|1|1|1|1|1|1|1|1|2|2|2
5, Greedy-CNT-D, 1, 1.3019536068164106, 0.32548840170410265, 4,3, 4, 3.42525E-4, 25, 30, 3, 0|0|0|0|0|0|0|0|0|0|0|1|1|1|1|1|1|1|3|3|3|3|3|3|3
5, Greedy-CNT-C, 1, 1.3143934469852412, 0.3285983617463103, 4,3, 4, 2.98175E-4, 25, 30, 3, 0|0|0|0|0|0|0|0|0|0|0|1|1|1|1|1|1|1|3|3|3|3|3|3|3
5, MILP-OPT, 2, 1.2952412749836317, 0.32381031874590793, 4,3, 4, 60.01523045, 25, 30, 3, 0|0|0|0|0|0|0|0|0|0|0|1|1|1|1|1|2|2|2|2|3|3|3|3|3
6, SMP-USER, 1, 3.1449761700650014, 0.7862440425162504, 4,3, 4, 8.08135E-4, 25, 30, 3, 0|0|0|0|0|0|0|0|0|1|1|1|1|1|1|1|2|2|2|2|2|2|3|3|3
6, SMP-SERVER, 1, 3.150369087973996, 0.787592271993499, 4,3, 4, 0.001353403, 25, 30, 3, 0|0|0|0|0|0|0|0|0|1|1|1|1|1|1|1|1|2|2|2|2|3|3|3|3
6, Greedy-DT, 1, 3.107149612847377, 0.7767874032118443, 4,3, 4, 1.1282E-4, 25, 30, 3, 0|0|0|0|0|0|0|0|0|0|0|1|1|1|1|1|1|1|3|3|3|3|3|3|3
6, Greedy-CK, 1, 3.137237711941415, 0.7843094279853537, 4,3, 4, 1.12443E-4, 25, 30, 3, 0|0|0|0|0|0|0|0|0|0|0|1|1|1|1|1|1|1|3|3|3|3|3|3|3
6, Greedy-RD, 1, 3.105465225031793, 0.7763663062579482, 4,3, 4, 1.50868E-4, 25, 30, 3, 0|0|0|0|0|0|0|0|0|0|0|1|1|1|1|1|1|1|3|3|3|3|3|3|3
6, BALANCE, 1, 3.180474936719113, 0.7951187341797783, 4,3, 4, 1.18961E-4, 25, 30, 3, 1|1|1|1|1|1|1|1|1|1|1|1|1|1|1|1|1|1|1|1|1|1|2|2|2
6, Greedy-CNT-D, 1, 3.1855667670769017, 0.7963916917692254, 4,3, 4, 2.07322E-4, 25, 30, 3, 0|0|0|0|0|0|0|0|0|0|0|1|1|1|1|2|2|2|2|2|2|3|3|3|3
6, Greedy-CNT-C, 1, 3.1639943812998457, 0.7909985953249614, 4,3, 4, 2.15756E-4, 25, 30, 3, 0|0|0|0|0|0|0|0|0|0|0|1|1|1|1|2|2|2|2|2|2|3|3|3|3
6, MILP-OPT, 2, 3.209825925506887, 0.8024564813767218, 4,3, 4, 60.019917361, 25, 30, 3, 0|0|0|0|0|0|0|0|0|0|0|1|1|1|1|2|2|2|2|2|2|3|3|3|3
7, SMP-USER, 1, 0.9497257297355356, 0.2374314324338839, 4,3, 4, 5.60129E-4, 25, 30, 3, 0|0|0|0|0|0|0|0|0|0|1|1|1|2|2|2|2|2|2|2|2|2|2|2|3
7, SMP-SERVER, 1, 0.9657269670998833, 0.24143174177497082, 4,3, 4, 0.001192628, 25, 30, 3, 0|0|0|0|0|0|0|0|0|1|1|1|1|2|2|2|2|2|2|2|2|2|2|2|2
7, Greedy-DT, 1, 1.037022742834272, 0.259255685708568, 4,3, 4, 1.19653E-4, 25, 30, 3, 0|0|0|0|0|0|0|0|0|0|0|1|1|1|1|1|1|1|3|3|3|3|3|3|3
7, Greedy-CK, 1, 1.0266594134258542, 0.25666485335646355, 4,3, 4, 9.949E-5, 25, 30, 3, 0|0|0|0|0|0|0|0|0|0|0|1|1|1|1|1|1|1|3|3|3|3|3|3|3
7, Greedy-RD, 1, 1.0302256282689723, 0.2575564070672431, 4,3, 4, 1.31402E-4, 25, 30, 3, 0|0|0|0|0|0|0|0|0|0|0|1|1|1|1|1|1|1|3|3|3|3|3|3|3
7, BALANCE, 1, 1.0848251859432074, 0.27120629648580186, 4,3, 4, 1.18689E-4, 25, 30, 3, 1|1|1|1|1|1|1|1|1|1|1|1|1|1|1|1|1|1|1|1|1|1|2|2|2
7, Greedy-CNT-D, 1, 0.9687533619166578, 0.24218834047916446, 4,3, 4, 2.00231E-4, 25, 30, 3, 0|0|0|0|0|0|0|0|1|1|1|1|1|1|2|2|2|2|2|2|2|2|2|2|2
7, Greedy-CNT-C, 1, 0.995978805954931, 0.24899470148873276, 4,3, 4, 2.22251E-4, 25, 30, 3, 0|0|0|0|0|0|0|0|1|1|1|1|1|1|2|2|2|2|2|2|2|2|2|2|2
7, MILP-OPT, 2, 0.9640217906740427, 0.24100544766851068, 4,3, 4, 60.015760376, 25, 30, 3, 0|0|0|0|0|0|0|0|1|1|1|1|1|1|1|2|2|2|2|2|2|2|2|2|3
8, SMP-USER, 1, 1.2149939887517376, 0.3037484971879344, 4,3, 4, 5.97878E-4, 25, 30, 3, 0|0|0|0|0|0|0|0|0|0|0|0|1|1|1|1|2|2|2|3|3|3|3|3|3
8, SMP-SERVER, 1, 1.176371532141922, 0.2940928830354805, 4,3, 4, 8.57832E-4, 25, 30, 3, 0|0|0|0|0|0|0|0|0|0|0|0|1|1|1|1|2|2|2|3|3|3|3|3|3
8, Greedy-DT, 1, 1.4558123668787304, 0.3639530917196826, 4,3, 4, 1.16207E-4, 25, 30, 3, 0|0|0|0|0|0|0|0|0|0|0|1|1|1|1|1|1|1|3|3|3|3|3|3|3
8, Greedy-CK, 1, 1.46199051910419, 0.3654976297760475, 4,3, 4, 1.45477E-4, 25, 30, 3, 0|0|0|0|0|0|0|0|0|0|0|1|1|1|1|1|1|1|3|3|3|3|3|3|3
8, Greedy-RD, 1, 1.4527501973121169, 0.3631875493280292, 4,3, 4, 1.74274E-4, 25, 30, 3, 0|0|0|0|0|0|0|0|0|0|0|1|1|1|1|1|1|1|3|3|3|3|3|3|3
8, BALANCE, 1, 1.4921396962323954, 0.37303492405809885, 4,3, 4, 9.8501E-5, 25, 30, 3, 1|1|1|1|1|1|1|1|1|1|1|1|1|1|1|1|1|1|1|1|1|1|2|2|2
8, Greedy-CNT-D, 1, 1.3017380138950723, 0.32543450347376807, 4,3, 4, 1.81775E-4, 25, 30, 3, 0|0|0|0|0|0|0|0|0|0|0|0|0|1|1|1|2|2|3|3|3|3|3|3|3
8, Greedy-CNT-C, 1, 1.3322314877296508, 0.3330578719324127, 4,3, 4, 1.92365E-4, 25, 30, 3, 0|0|0|0|0|0|0|0|0|0|0|0|0|1|1|1|2|2|3|3|3|3|3|3|3
8, MILP-OPT, 2, 1.1487896237327742, 0.28719740593319354, 4,3, 4, 60.013499001, 25, 30, 3, 0|0|0|0|0|0|0|0|0|0|0|1|1|1|1|1|1|1|3|3|3|3|3|3|3
9, SMP-USER, 1, 0.8218916191109494, 0.20547290477773736, 4,3, 4, 5.14129E-4, 25, 30, 3, 0|0|0|0|0|0|0|0|0|0|0|1|1|1|1|1|1|2|2|3|3|3|3|3|3
9, SMP-SERVER, 1, 0.7828615405860726, 0.19571538514651815, 4,3, 4, 8.76535E-4, 25, 30, 3, 0|0|0|0|0|0|0|0|0|0|0|0|1|1|1|1|1|2|3|3|3|3|3|3|3
9, Greedy-DT, 1, 0.9162504752996172, 0.2290626188249043, 4,3, 4, 8.866E-5, 25, 30, 3, 0|0|0|0|0|0|0|0|0|0|0|1|1|1|1|1|1|1|3|3|3|3|3|3|3
9, Greedy-CK, 1, 0.909191819461925, 0.22729795486548124, 4,3, 4, 8.4134E-5, 25, 30, 3, 0|0|0|0|0|0|0|0|0|0|0|1|1|1|1|1|1|1|3|3|3|3|3|3|3
9, Greedy-RD, 1, 0.913903952413648, 0.228475988103412, 4,3, 4, 1.23347E-4, 25, 30, 3, 0|0|0|0|0|0|0|0|0|0|0|1|1|1|1|1|1|1|3|3|3|3|3|3|3
9, BALANCE, 1, 1.25014587357524, 0.31253646839381, 4,3, 4, 8.4058E-5, 25, 30, 3, 1|1|1|1|1|1|1|1|1|1|1|1|1|1|1|1|1|1|1|1|1|1|2|2|2
9, Greedy-CNT-D, 1, 0.8561951928177434, 0.21404879820443584, 4,3, 4, 2.0296E-4, 25, 30, 3, 0|0|0|0|0|0|0|0|0|0|1|1|1|1|1|1|1|2|2|2|3|3|3|3|3
9, Greedy-CNT-C, 1, 0.8661924857666377, 0.2165481214416594, 4,3, 4, 1.92411E-4, 25, 30, 3, 0|0|0|0|0|0|0|0|0|0|1|1|1|1|1|1|1|2|2|2|3|3|3|3|3
9, MILP-OPT, 2, 0.7773838813653453, 0.19434597034133633, 4,3, 4, 60.015521311, 25, 30, 3, 0|0|0|0|0|0|0|0|0|0|0|0|0|1|1|1|2|2|3|3|3|3|3|3|3
10, SMP-USER, 1, 2.4587499500968315, 0.6146874875242079, 4,3, 4, 0.001032541, 25, 30, 3, 0|0|0|0|0|0|0|0|0|1|1|1|1|1|1|1|1|2|2|2|2|3|3|3|3
10, SMP-SERVER, 1, 2.475813910838185, 0.6189534777095462, 4,3, 4, 9.74106E-4, 25, 30, 3, 0|0|0|0|0|0|0|0|0|0|1|1|1|1|1|1|1|2|2|2|3|3|3|3|3
10, Greedy-DT, 1, 2.917449049909715, 0.7293622624774287, 4,3, 4, 1.48866E-4, 25, 30, 3, 0|0|0|0|0|0|0|0|0|0|0|1|1|1|1|1|1|1|3|3|3|3|3|3|3
10, Greedy-CK, 1, 2.922070011223923, 0.7305175028059807, 4,3, 4, 1.08232E-4, 25, 30, 3, 0|0|0|0|0|0|0|0|0|0|0|1|1|1|1|1|1|1|3|3|3|3|3|3|3
10, Greedy-RD, 1, 2.922586384459019, 0.7306465961147548, 4,3, 4, 1.47474E-4, 25, 30, 3, 0|0|0|0|0|0|0|0|0|0|0|1|1|1|1|1|1|1|3|3|3|3|3|3|3
10, BALANCE, 1, 4.217514758013101, 1.0543786895032752, 4,3, 4, 9.3402E-5, 25, 30, 3, 1|1|1|1|1|1|1|1|1|1|1|1|1|1|1|1|1|1|1|1|1|1|2|2|2
10, Greedy-CNT-D, 1, 2.530800541511443, 0.6327001353778607, 4,3, 4, 2.15434E-4, 25, 30, 3, 0|0|0|0|0|0|0|0|0|0|1|1|1|1|1|2|2|2|2|2|2|2|3|3|3
10, Greedy-CNT-C, 1, 2.5407740290429928, 0.6351935072607482, 4,3, 4, 2.00153E-4, 25, 30, 3, 0|0|0|0|0|0|0|0|0|0|1|1|1|1|1|2|2|2|2|2|2|2|3|3|3
10, MILP-OPT, 2, 2.437099534281579, 0.6092748835703947, 4,3, 4, 60.035010255, 25, 30, 3, 0|0|0|0|0|0|0|0|1|1|1|1|1|1|1|1|1|1|2|2|2|3|3|3|3
11, SMP-USER, 1, 0.9490128240678415, 0.23725320601696037, 4,3, 4, 5.01816E-4, 25, 30, 3, 0|0|0|0|0|0|0|0|0|1|1|1|1|1|1|1|1|2|2|2|2|3|3|3|3
11, SMP-SERVER, 1, 0.9627691898226954, 0.24069229745567386, 4,3, 4, 0.001447878, 25, 30, 3, 0|0|0|0|0|0|0|0|0|1|1|1|1|1|1|1|1|2|2|2|2|3|3|3|3
11, Greedy-DT, 1, 1.1408569717035972, 0.2852142429258993, 4,3, 4, 8.7236E-5, 25, 30, 3, 0|0|0|0|0|0|0|0|0|0|0|1|1|1|1|1|1|1|3|3|3|3|3|3|3
11, Greedy-CK, 1, 1.1456889881837036, 0.2864222470459259, 4,3, 4, 6.876E-5, 25, 30, 3, 0|0|0|0|0|0|0|0|0|0|0|1|1|1|1|1|1|1|3|3|3|3|3|3|3
11, Greedy-RD, 1, 1.1421726110976693, 0.28554315277441733, 4,3, 4, 1.50592E-4, 25, 30, 3, 0|0|0|0|0|0|0|0|0|0|0|1|1|1|1|1|1|1|3|3|3|3|3|3|3
11, BALANCE, 1, 1.106439997051318, 0.2766099992628295, 4,3, 4, 8.665E-5, 25, 30, 3, 1|1|1|1|1|1|1|1|1|1|1|1|1|1|1|1|1|1|1|1|1|1|2|2|2
11, Greedy-CNT-D, 1, 0.953530419922559, 0.23838260498063976, 4,3, 4, 1.27704E-4, 25, 30, 3, 0|0|0|0|0|0|0|0|0|0|0|0|1|1|1|1|1|2|3|3|3|3|3|3|3
11, Greedy-CNT-C, 1, 0.9528635945286594, 0.23821589863216486, 4,3, 4, 1.50877E-4, 25, 30, 3, 0|0|0|0|0|0|0|0|0|0|0|0|1|1|1|1|1|2|3|3|3|3|3|3|3
11, MILP-OPT, 2, 0.8548382504518791, 0.21370956261296978, 4,3, 4, 60.007331543, 25, 30, 3, 0|0|0|0|0|0|0|0|0|0|0|0|1|1|1|1|2|2|2|3|3|3|3|3|3
12, SMP-USER, 1, 2.0019971081861274, 0.5004992770465319, 4,3, 4, 5.06465E-4, 25, 30, 3, 0|0|0|0|0|0|0|0|0|0|0|0|0|0|2|2|2|2|2|3|3|3|3|3|3
12, SMP-SERVER, 1, 2.036589926539875, 0.5091474816349687, 4,3, 4, 7.8241E-4, 25, 30, 3, 0|0|0|0|0|0|0|0|0|0|0|0|1|1|1|2|2|2|2|2|3|3|3|3|3
12, Greedy-DT, 1, 2.1730180940545267, 0.5432545235136317, 4,3, 4, 7.7642E-5, 25, 30, 3, 0|0|0|0|0|0|0|0|0|0|0|1|1|1|1|1|1|1|3|3|3|3|3|3|3
12, Greedy-CK, 1, 2.172656002166289, 0.5431640005415722, 4,3, 4, 7.3553E-5, 25, 30, 3, 0|0|0|0|0|0|0|0|0|0|0|1|1|1|1|1|1|1|3|3|3|3|3|3|3
12, Greedy-RD, 1, 2.172656002166289, 0.5431640005415722, 4,3, 4, 1.21079E-4, 25, 30, 3, 0|0|0|0|0|0|0|0|0|0|0|1|1|1|1|1|1|1|3|3|3|3|3|3|3
12, BALANCE, 1, 2.3399096958921937, 0.5849774239730484, 4,3, 4, 8.8213E-5, 25, 30, 3, 1|1|1|1|1|1|1|1|1|1|1|1|1|1|1|1|1|1|1|1|1|1|2|2|2
12, Greedy-CNT-D, 1, 2.0686460089594982, 0.5171615022398746, 4,3, 4, 1.04658E-4, 25, 30, 3, 0|0|0|0|0|0|0|0|0|0|0|0|0|1|1|2|2|2|2|3|3|3|3|3|3
12, Greedy-CNT-C, 1, 2.0734922575231787, 0.5183730643807947, 4,3, 4, 9.9508E-5, 25, 30, 3, 0|0|0|0|0|0|0|0|0|0|0|0|0|1|1|2|2|2|2|3|3|3|3|3|3
12, MILP-OPT, 2, 1.9663173481947402, 0.49157933704868506, 4,3, 4, 60.016463753, 25, 30, 3, 0|0|0|0|0|0|0|0|0|0|0|0|1|1|1|2|2|2|2|2|3|3|3|3|3
13, SMP-USER, 1, 0.6073893516230751, 0.15184733790576876, 4,3, 4, 5.32344E-4, 25, 30, 3, 0|0|0|0|0|0|0|0|0|0|0|0|1|1|1|1|1|2|3|3|3|3|3|3|3
13, SMP-SERVER, 1, 0.6101114713889011, 0.15252786784722527, 4,3, 4, 5.21641E-4, 25, 30, 3, 0|0|0|0|0|0|0|0|0|0|0|0|1|1|1|1|1|2|3|3|3|3|3|3|3
13, Greedy-DT, 1, 0.7335992120952878, 0.18339980302382194, 4,3, 4, 6.6692E-5, 25, 30, 3, 0|0|0|0|0|0|0|0|0|0|0|1|1|1|1|1|1|1|3|3|3|3|3|3|3
13, Greedy-CK, 1, 0.728066197847174, 0.1820165494617935, 4,3, 4, 8.6258E-5, 25, 30, 3, 0|0|0|0|0|0|0|0|0|0|0|1|1|1|1|1|1|1|3|3|3|3|3|3|3
13, Greedy-RD, 1, 0.7292132332188989, 0.18230330830472471, 4,3, 4, 9.1359E-5, 25, 30, 3, 0|0|0|0|0|0|0|0|0|0|0|1|1|1|1|1|1|1|3|3|3|3|3|3|3
13, BALANCE, 1, 0.8853887011473167, 0.22134717528682918, 4,3, 4, 7.279E-5, 25, 30, 3, 1|1|1|1|1|1|1|1|1|1|1|1|1|1|1|1|1|1|1|1|1|1|2|2|2
13, Greedy-CNT-D, 1, 0.6118021889136115, 0.15295054722840287, 4,3, 4, 8.9764E-5, 25, 30, 3, 0|0|0|0|0|0|0|0|0|0|1|1|1|1|1|1|2|2|2|2|2|3|3|3|3
13, Greedy-CNT-C, 1, 0.6214567245198153, 0.15536418112995382, 4,3, 4, 8.1789E-5, 25, 30, 3, 0|0|0|0|0|0|0|0|0|0|1|1|1|1|1|1|2|2|2|2|2|3|3|3|3
13, MILP-OPT, 2, 0.5888955404389377, 0.14722388510973441, 4,3, 4, 60.026605413, 25, 30, 3, 0|0|0|0|0|0|0|0|0|0|0|0|0|1|1|1|2|2|3|3|3|3|3|3|3
14, SMP-USER, 1, 1.1154106773984884, 0.2788526693496221, 4,3, 4, 4.72104E-4, 25, 30, 3, 0|0|0|0|0|0|0|0|0|0|0|1|1|1|1|1|1|2|2|3|3|3|3|3|3
14, SMP-SERVER, 1, 1.1370744649056264, 0.2842686162264066, 4,3, 4, 4.08037E-4, 25, 30, 3, 0|0|0|0|0|0|0|0|0|0|0|0|1|1|1|1|2|2|2|3|3|3|3|3|3
14, Greedy-DT, 1, 1.3094105349872205, 0.3273526337468051, 4,3, 4, 5.0972E-5, 25, 30, 3, 0|0|0|0|0|0|0|0|0|0|0|1|1|1|1|1|1|1|3|3|3|3|3|3|3
14, Greedy-CK, 1, 1.31236534186126, 0.328091335465315, 4,3, 4, 7.20495E-4, 25, 30, 3, 0|0|0|0|0|0|0|0|0|0|0|1|1|1|1|1|1|1|3|3|3|3|3|3|3
14, Greedy-RD, 1, 1.311396474362912, 0.327849118590728, 4,3, 4, 8.1393E-5, 25, 30, 3, 0|0|0|0|0|0|0|0|0|0|0|1|1|1|1|1|1|1|3|3|3|3|3|3|3
14, BALANCE, 1, 1.691937330733779, 0.42298433268344476, 4,3, 4, 5.876E-5, 25, 30, 3, 1|1|1|1|1|1|1|1|1|1|1|1|1|1|1|1|1|1|1|1|1|1|2|2|2
14, Greedy-CNT-D, 1, 1.347997822239803, 0.33699945555995076, 4,3, 4, 7.7663E-5, 25, 30, 3, 0|0|0|0|0|0|0|0|1|1|1|1|1|1|1|1|1|1|2|2|2|3|3|3|3
14, Greedy-CNT-C, 1, 1.3685748735001022, 0.34214371837502555, 4,3, 4, 7.2184E-5, 25, 30, 3, 0|0|0|0|0|0|0|0|1|1|1|1|1|1|1|1|1|1|2|2|2|3|3|3|3
14, MILP-OPT, 2, 1.2094248274612327, 0.3023562068653082, 4,3, 4, 60.019860815, 25, 30, 3, 0|0|0|0|0|0|0|0|0|0|1|1|1|1|1|1|2|2|2|2|2|3|3|3|3
15, SMP-USER, 1, 1.7503924061856622, 0.43759810154641554, 4,3, 4, 4.8316E-4, 25, 30, 3, 0|0|0|0|0|0|0|0|0|0|0|0|0|1|1|2|2|2|2|3|3|3|3|3|3
15, SMP-SERVER, 1, 1.7322293695964452, 0.4330573423991113, 4,3, 4, 4.15546E-4, 25, 30, 3, 0|0|0|0|0|0|0|0|0|0|0|0|0|1|1|2|2|2|2|3|3|3|3|3|3
15, Greedy-DT, 1, 1.732082433894675, 0.43302060847366874, 4,3, 4, 5.5082E-5, 25, 30, 3, 0|0|0|0|0|0|0|0|0|0|0|1|1|1|1|1|1|1|3|3|3|3|3|3|3
15, Greedy-CK, 1, 1.7379422021827715, 0.4344855505456929, 4,3, 4, 5.0028E-5, 25, 30, 3, 0|0|0|0|0|0|0|0|0|0|0|1|1|1|1|1|1|1|3|3|3|3|3|3|3
15, Greedy-RD, 1, 1.7323262290546226, 0.43308155726365566, 4,3, 4, 1.09716E-4, 25, 30, 3, 0|0|0|0|0|0|0|0|0|0|0|1|1|1|1|1|1|1|3|3|3|3|3|3|3
15, BALANCE, 1, 2.0530858146160447, 0.5132714536540112, 4,3, 4, 6.8584E-5, 25, 30, 3, 1|1|1|1|1|1|1|1|1|1|1|1|1|1|1|1|1|1|1|1|1|1|2|2|2
15, Greedy-CNT-D, 1, 1.6057739146261911, 0.4014434786565478, 4,3, 4, 9.4663E-5, 25, 30, 3, 0|0|0|0|0|0|0|0|0|0|0|1|1|1|1|1|1|1|3|3|3|3|3|3|3
15, Greedy-CNT-C, 1, 1.6140322971402061, 0.40350807428505153, 4,3, 4, 7.9439E-5, 25, 30, 3, 0|0|0|0|0|0|0|0|0|0|0|1|1|1|1|1|1|1|3|3|3|3|3|3|3
15, MILP-OPT, 2, 1.5888573694925634, 0.39721434237314085, 4,3, 4, 60.027405244, 25, 30, 3, 0|0|0|0|0|0|0|0|0|0|0|0|1|1|1|1|2|2|2|3|3|3|3|3|3
16, SMP-USER, 1, 1.0546291745743723, 0.2636572936435931, 4,3, 4, 4.58203E-4, 25, 30, 3, 0|0|0|0|0|0|0|1|1|1|1|1|1|1|1|1|1|1|1|2|2|3|3|3|3
16, SMP-SERVER, 1, 1.0611420244484, 0.2652855061121, 4,3, 4, 4.17578E-4, 25, 30, 3, 0|0|0|0|0|0|0|0|1|1|1|1|1|1|1|1|1|1|2|2|2|3|3|3|3
16, Greedy-DT, 1, 1.321525975072862, 0.3303814937682155, 4,3, 4, 5.3641E-5, 25, 30, 3, 0|0|0|0|0|0|0|0|0|0|0|1|1|1|1|1|1|1|3|3|3|3|3|3|3
16, Greedy-CK, 1, 1.3176566575454354, 0.32941416438635884, 4,3, 4, 4.5253E-5, 25, 30, 3, 0|0|0|0|0|0|0|0|0|0|0|1|1|1|1|1|1|1|3|3|3|3|3|3|3
16, Greedy-RD, 1, 1.319310575950244, 0.329827643987561, 4,3, 4, 8.0756E-5, 25, 30, 3, 0|0|0|0|0|0|0|0|0|0|0|1|1|1|1|1|1|1|3|3|3|3|3|3|3
16, BALANCE, 1, 1.5264752896415206, 0.38161882241038014, 4,3, 4, 6.3619E-5, 25, 30, 3, 1|1|1|1|1|1|1|1|1|1|1|1|1|1|1|1|1|1|1|1|1|1|2|2|2
16, Greedy-CNT-D, 1, 1.1475167458684328, 0.2868791864671082, 4,3, 4, 1.31831E-4, 25, 30, 3, 0|0|0|0|0|0|0|0|0|0|0|1|1|1|1|2|2|2|2|2|2|3|3|3|3
16, Greedy-CNT-C, 1, 1.1627635773682719, 0.29069089434206796, 4,3, 4, 1.34422E-4, 25, 30, 3, 0|0|0|0|0|0|0|0|0|0|0|1|1|1|1|2|2|2|2|2|2|3|3|3|3
16, MILP-OPT, 2, 1.093414104984466, 0.2733535262461165, 4,3, 4, 60.018085823, 25, 30, 3, 0|0|0|0|0|0|0|0|1|1|1|1|1|1|1|1|1|1|2|2|2|3|3|3|3
17, SMP-USER, 1, 1.9517284123670806, 0.48793210309177015, 4,3, 4, 4.57644E-4, 25, 30, 3, 0|0|0|0|0|0|0|1|1|1|1|1|1|1|1|1|1|1|2|2|2|2|3|3|3
17, SMP-SERVER, 1, 1.9547752051489928, 0.4886938012872482, 4,3, 4, 5.08399E-4, 25, 30, 3, 0|0|0|0|0|0|0|1|1|1|1|1|1|1|1|1|1|1|2|2|2|2|3|3|3
17, Greedy-DT, 1, 2.356769084796413, 0.5891922711991032, 4,3, 4, 5.5699E-5, 25, 30, 3, 0|0|0|0|0|0|0|0|0|0|0|1|1|1|1|1|1|1|3|3|3|3|3|3|3
17, Greedy-CK, 1, 2.3414764179252865, 0.5853691044813216, 4,3, 4, 4.7379E-5, 25, 30, 3, 0|0|0|0|0|0|0|0|0|0|0|1|1|1|1|1|1|1|3|3|3|3|3|3|3
17, Greedy-RD, 1, 2.3425391051886724, 0.5856347762971681, 4,3, 4, 9.9644E-5, 25, 30, 3, 0|0|0|0|0|0|0|0|0|0|0|1|1|1|1|1|1|1|3|3|3|3|3|3|3
17, BALANCE, 1, 2.434290886615714, 0.6085727216539285, 4,3, 4, 9.5169E-5, 25, 30, 3, 1|1|1|1|1|1|1|1|1|1|1|1|1|1|1|1|1|1|1|1|1|1|2|2|2
17, Greedy-CNT-D, 1, 2.189544331205155, 0.5473860828012888, 4,3, 4, 1.28823E-4, 25, 30, 3, 0|0|0|0|0|0|0|1|1|1|1|1|1|1|1|1|1|2|2|2|2|2|2|3|3
17, Greedy-CNT-C, 1, 2.219586443035221, 0.5548966107588053, 4,3, 4, 8.1619E-5, 25, 30, 3, 0|0|0|0|0|0|0|1|1|1|1|1|1|1|1|1|1|2|2|2|2|2|2|3|3
17, MILP-OPT, 2, 1.8731182499810162, 0.46827956249525404, 4,3, 4, 60.007618667, 25, 30, 3, 0|0|0|0|0|0|0|1|1|1|1|1|1|1|1|1|1|1|2|2|2|2|3|3|3
18, SMP-USER, 1, 0.9786599408163348, 0.2446649852040837, 4,3, 4, 5.17245E-4, 25, 30, 3, 0|0|0|0|0|0|0|0|0|1|1|1|1|1|1|1|1|1|2|2|3|3|3|3|3
18, SMP-SERVER, 1, 0.9261709339525586, 0.23154273348813964, 4,3, 4, 3.8363E-4, 25, 30, 3, 0|0|0|0|0|0|0|0|0|1|1|1|1|1|1|1|1|2|2|2|2|3|3|3|3
18, Greedy-DT, 1, 1.4215036764379738, 0.35537591910949345, 4,3, 4, 4.9385E-5, 25, 30, 3, 0|0|0|0|0|0|0|0|0|0|0|1|1|1|1|1|1|1|3|3|3|3|3|3|3
18, Greedy-CK, 1, 1.4232262706833623, 0.35580656767084057, 4,3, 4, 4.4041E-5, 25, 30, 3, 0|0|0|0|0|0|0|0|0|0|0|1|1|1|1|1|1|1|3|3|3|3|3|3|3
18, Greedy-RD, 1, 1.4218226379911512, 0.3554556594977878, 4,3, 4, 7.9839E-5, 25, 30, 3, 0|0|0|0|0|0|0|0|0|0|0|1|1|1|1|1|1|1|3|3|3|3|3|3|3
18, BALANCE, 1, 1.7084655531623678, 0.42711638829059195, 4,3, 4, 6.2304E-5, 25, 30, 3, 1|1|1|1|1|1|1|1|1|1|1|1|1|1|1|1|1|1|1|1|1|1|2|2|2
18, Greedy-CNT-D, 1, 1.0463354732452177, 0.2615838683113044, 4,3, 4, 7.9559E-5, 25, 30, 3, 0|0|0|0|0|0|0|0|0|0|0|1|1|1|1|2|2|2|2|2|2|3|3|3|3
18, Greedy-CNT-C, 1, 1.0427177071288107, 0.2606794267822027, 4,3, 4, 7.2575E-5, 25, 30, 3, 0|0|0|0|0|0|0|0|0|0|0|1|1|1|1|2|2|2|2|2|2|3|3|3|3
18, MILP-OPT, 2, 0.9269942285682177, 0.23174855714205442, 4,3, 4, 60.009193643, 25, 30, 3, 0|0|0|0|0|0|0|0|1|1|1|1|1|1|1|1|1|2|2|2|2|2|3|3|3
19, SMP-USER, 1, 4.414115837223888, 1.103528959305972, 4,3, 4, 5.31237E-4, 25, 30, 3, 0|0|0|0|0|0|0|0|0|0|0|1|1|1|1|1|2|2|2|2|3|3|3|3|3
19, SMP-SERVER, 1, 4.410011258618402, 1.1025028146546005, 4,3, 4, 4.65627E-4, 25, 30, 3, 0|0|0|0|0|0|0|0|0|0|0|0|1|1|1|2|2|2|2|2|3|3|3|3|3
19, Greedy-DT, 1, 4.555761505761449, 1.1389403764403623, 4,3, 4, 5.9251E-5, 25, 30, 3, 0|0|0|0|0|0|0|0|0|0|0|1|1|1|1|1|1|1|3|3|3|3|3|3|3
19, Greedy-CK, 1, 4.554406133365889, 1.1386015333414723, 4,3, 4, 5.0753E-5, 25, 30, 3, 0|0|0|0|0|0|0|0|0|0|0|1|1|1|1|1|1|1|3|3|3|3|3|3|3
19, Greedy-RD, 1, 4.554812085963046, 1.1387030214907614, 4,3, 4, 9.8168E-5, 25, 30, 3, 0|0|0|0|0|0|0|0|0|0|0|1|1|1|1|1|1|1|3|3|3|3|3|3|3
19, BALANCE, 1, 4.835869187810077, 1.2089672969525191, 4,3, 4, 7.2363E-5, 25, 30, 3, 1|1|1|1|1|1|1|1|1|1|1|1|1|1|1|1|1|1|1|1|1|1|2|2|2
19, Greedy-CNT-D, 1, 4.520267314459899, 1.1300668286149746, 4,3, 4, 9.4807E-5, 25, 30, 3, 0|0|0|0|0|0|0|1|1|1|1|1|1|1|1|1|2|2|2|2|2|2|2|2|3
19, Greedy-CNT-C, 1, 4.520883587036143, 1.1302208967590357, 4,3, 4, 1.19679E-4, 25, 30, 3, 0|0|0|0|0|0|0|1|1|1|1|1|1|1|1|1|2|2|2|2|2|2|2|2|3
19, MILP-OPT, 2, 4.443588031805996, 1.110897007951499, 4,3, 4, 60.006330187, 25, 30, 3, 0|0|0|0|0|0|0|0|1|1|1|1|1|1|1|1|1|2|2|2|2|2|3|3|3
20, SMP-USER, 1, 1.2405308546478777, 0.31013271366196943, 4,3, 4, 4.70217E-4, 25, 30, 3, 0|0|0|0|0|0|0|0|0|1|1|1|1|1|1|2|2|2|2|2|2|2|2|3|3
20, SMP-SERVER, 1, 1.3434354683295873, 0.3358588670823968, 4,3, 4, 4.90958E-4, 25, 30, 3, 0|0|0|0|0|0|0|0|1|1|1|1|1|1|1|2|2|2|2|2|2|2|2|2|3
20, Greedy-DT, 1, 1.5485357079815572, 0.3871339269953893, 4,3, 4, 5.2255E-5, 25, 30, 3, 0|0|0|0|0|0|0|0|0|0|0|1|1|1|1|1|1|1|3|3|3|3|3|3|3
20, Greedy-CK, 1, 1.5099079874103365, 0.3774769968525841, 4,3, 4, 4.6865E-5, 25, 30, 3, 0|0|0|0|0|0|0|0|0|0|0|1|1|1|1|1|1|1|3|3|3|3|3|3|3
20, Greedy-RD, 1, 1.5351179927486038, 0.38377949818715096, 4,3, 4, 8.4185E-5, 25, 30, 3, 0|0|0|0|0|0|0|0|0|0|0|1|1|1|1|1|1|1|3|3|3|3|3|3|3
20, BALANCE, 1, 1.537343724952596, 0.384335931238149, 4,3, 4, 6.5319E-5, 25, 30, 3, 1|1|1|1|1|1|1|1|1|1|1|1|1|1|1|1|1|1|1|1|1|1|2|2|2
20, Greedy-CNT-D, 1, 1.4171704371934708, 0.3542926092983677, 4,3, 4, 1.014E-4, 25, 30, 3, 0|0|0|0|0|0|0|0|0|1|1|1|1|1|1|2|2|2|2|2|2|2|2|3|3
20, Greedy-CNT-C, 1, 1.4146528078521912, 0.3536632019630478, 4,3, 4, 8.6436E-5, 25, 30, 3, 0|0|0|0|0|0|0|0|0|1|1|1|1|1|1|2|2|2|2|2|2|2|2|3|3
20, MILP-OPT, 2, 1.2327674740851937, 0.30819186852129843, 4,3, 4, 60.039099864, 25, 30, 3, 0|0|0|0|0|0|0|0|0|1|1|1|1|1|2|2|2|2|2|2|2|2|2|2|3
21, SMP-USER, 1, 0.6912308405844371, 0.17280771014610927, 4,3, 4, 5.01685E-4, 25, 30, 3, 0|0|0|0|0|0|0|0|0|0|0|1|1|1|1|1|1|1|3|3|3|3|3|3|3
21, SMP-SERVER, 1, 0.7056296788314863, 0.17640741970787158, 4,3, 4, 4.18752E-4, 25, 30, 3, 0|0|0|0|0|0|0|0|0|0|0|1|1|1|1|1|1|2|2|3|3|3|3|3|3
21, Greedy-DT, 1, 0.7337219094484522, 0.18343047736211304, 4,3, 4, 5.4462E-5, 25, 30, 3, 0|0|0|0|0|0|0|0|0|0|0|1|1|1|1|1|1|1|3|3|3|3|3|3|3
21, Greedy-CK, 1, 0.7387773752350932, 0.1846943438087733, 4,3, 4, 4.3666E-5, 25, 30, 3, 0|0|0|0|0|0|0|0|0|0|0|1|1|1|1|1|1|1|3|3|3|3|3|3|3
21, Greedy-RD, 1, 0.741302347544692, 0.185325586886173, 4,3, 4, 7.8021E-5, 25, 30, 3, 0|0|0|0|0|0|0|0|0|0|0|1|1|1|1|1|1|1|3|3|3|3|3|3|3
21, BALANCE, 1, 0.8295494307878987, 0.20738735769697467, 4,3, 4, 8.4529E-5, 25, 30, 3, 1|1|1|1|1|1|1|1|1|1|1|1|1|1|1|1|1|1|1|1|1|1|2|2|2
21, Greedy-CNT-D, 1, 0.7209834631541254, 0.18024586578853136, 4,3, 4, 8.8265E-5, 25, 30, 3, 0|0|0|0|0|0|0|0|0|0|1|1|1|1|2|2|2|2|2|2|2|2|2|3|3
21, Greedy-CNT-C, 1, 0.7280222889651269, 0.18200557224128172, 4,3, 4, 6.7752E-5, 25, 30, 3, 0|0|0|0|0|0|0|0|0|0|1|1|1|1|2|2|2|2|2|2|2|2|2|3|3
21, MILP-OPT, 2, 0.7022008053962208, 0.1755502013490552, 4,3, 4, 60.0184012, 25, 30, 3, 0|0|0|0|0|0|0|0|0|0|1|1|1|1|1|1|2|2|2|2|2|3|3|3|3
22, SMP-USER, 1, 0.7705444489071948, 0.1926361122267987, 4,3, 4, 5.09339E-4, 25, 30, 3, 0|0|0|0|0|0|0|0|0|1|1|1|1|1|1|1|1|2|2|2|2|3|3|3|3
22, SMP-SERVER, 1, 0.7559334836737324, 0.1889833709184331, 4,3, 4, 0.001286514, 25, 30, 3, 0|0|0|0|0|0|0|0|1|1|1|1|1|1|1|1|1|2|2|2|2|2|3|3|3
22, Greedy-DT, 1, 0.7682801220670947, 0.19207003051677368, 4,3, 4, 5.9595E-5, 25, 30, 3, 0|0|0|0|0|0|0|0|0|0|0|1|1|1|1|1|1|1|3|3|3|3|3|3|3
22, Greedy-CK, 1, 0.7607709501092362, 0.19019273752730906, 4,3, 4, 5.0611E-5, 25, 30, 3, 0|0|0|0|0|0|0|0|0|0|0|1|1|1|1|1|1|1|3|3|3|3|3|3|3
22, Greedy-RD, 1, 0.7650217888456954, 0.19125544721142385, 4,3, 4, 8.6652E-5, 25, 30, 3, 0|0|0|0|0|0|0|0|0|0|0|1|1|1|1|1|1|1|3|3|3|3|3|3|3
22, BALANCE, 1, 0.9445635097927992, 0.2361408774481998, 4,3, 4, 6.5435E-5, 25, 30, 3, 1|1|1|1|1|1|1|1|1|1|1|1|1|1|1|1|1|1|1|1|1|1|2|2|2
22, Greedy-CNT-D, 1, 0.7584821617710591, 0.18962054044276477, 4,3, 4, 8.0713E-5, 25, 30, 3, 0|0|0|0|0|0|1|1|1|1|1|1|1|1|1|1|1|1|2|2|2|2|2|3|3
22, Greedy-CNT-C, 1, 0.7722822939794726, 0.19307057349486814, 4,3, 4, 7.4214E-5, 25, 30, 3, 0|0|0|0|0|0|1|1|1|1|1|1|1|1|1|1|1|1|2|2|2|2|2|3|3
22, MILP-OPT, 2, 0.7536337333752368, 0.1884084333438092, 4,3, 4, 60.004494447, 25, 30, 3, 0|0|0|0|0|0|0|1|1|1|1|1|1|1|1|1|1|2|2|2|2|2|2|3|3
23, SMP-USER, 1, 2.3921838778375526, 0.5980459694593881, 4,3, 4, 6.1617E-4, 25, 30, 3, 0|0|0|0|0|0|0|0|1|1|1|1|1|1|1|2|2|2|2|2|2|2|2|2|3
23, SMP-SERVER, 1, 2.4193979546995195, 0.6048494886748799, 4,3, 4, 5.01748E-4, 25, 30, 3, 0|0|0|0|0|0|0|0|0|1|1|1|1|1|2|2|2|2|2|2|2|2|2|2|3
23, Greedy-DT, 1, 2.570474135622393, 0.6426185339055982, 4,3, 4, 8.2806E-5, 25, 30, 3, 0|0|0|0|0|0|0|0|0|0|0|1|1|1|1|1|1|1|3|3|3|3|3|3|3
23, Greedy-CK, 1, 2.5709566463580775, 0.6427391615895194, 4,3, 4, 7.6864E-5, 25, 30, 3, 0|0|0|0|0|0|0|0|0|0|0|1|1|1|1|1|1|1|3|3|3|3|3|3|3
23, Greedy-RD, 1, 2.566511320918611, 0.6416278302296528, 4,3, 4, 1.11524E-4, 25, 30, 3, 0|0|0|0|0|0|0|0|0|0|0|1|1|1|1|1|1|1|3|3|3|3|3|3|3
23, BALANCE, 1, 2.726498159907849, 0.6816245399769623, 4,3, 4, 1.0309E-4, 25, 30, 3, 1|1|1|1|1|1|1|1|1|1|1|1|1|1|1|1|1|1|1|1|1|1|2|2|2
23, Greedy-CNT-D, 1, 2.4026398411446617, 0.6006599602861654, 4,3, 4, 1.23781E-4, 25, 30, 3, 0|0|0|0|0|0|0|0|1|1|1|1|1|1|1|2|2|2|2|2|2|2|2|2|3
23, Greedy-CNT-C, 1, 2.43579712902467, 0.6089492822561675, 4,3, 4, 1.07342E-4, 25, 30, 3, 0|0|0|0|0|0|0|0|1|1|1|1|1|1|1|2|2|2|2|2|2|2|2|2|3
23, MILP-OPT, 2, 2.400137809468669, 0.6000344523671672, 4,3, 4, 60.023972526, 25, 30, 3, 0|0|0|0|0|0|0|0|0|1|1|1|1|1|1|2|2|2|2|2|2|2|2|3|3
24, SMP-USER, 1, 0.9728177183287456, 0.2432044295821864, 4,3, 4, 4.35769E-4, 25, 30, 3, 0|0|0|0|0|0|0|0|0|0|1|1|1|1|1|1|2|2|2|2|2|3|3|3|3
24, SMP-SERVER, 1, 1.055217870519188, 0.263804467629797, 4,3, 4, 3.7604E-4, 25, 30, 3, 0|0|0|0|0|0|0|0|0|0|1|1|1|1|2|2|2|2|2|2|2|2|2|3|3
24, Greedy-DT, 1, 1.3778948798081205, 0.34447371995203013, 4,3, 4, 4.5102E-5, 25, 30, 3, 0|0|0|0|0|0|0|0|0|0|0|1|1|1|1|1|1|1|3|3|3|3|3|3|3
24, Greedy-CK, 1, 1.4050141537213743, 0.35125353843034357, 4,3, 4, 6.3321E-5, 25, 30, 3, 0|0|0|0|0|0|0|0|0|0|0|1|1|1|1|1|1|1|3|3|3|3|3|3|3
24, Greedy-RD, 1, 1.394678865378085, 0.34866971634452126, 4,3, 4, 7.372E-5, 25, 30, 3, 0|0|0|0|0|0|0|0|0|0|0|1|1|1|1|1|1|1|3|3|3|3|3|3|3
24, BALANCE, 1, 1.3479489590582772, 0.3369872397645693, 4,3, 4, 5.4139E-5, 25, 30, 3, 1|1|1|1|1|1|1|1|1|1|1|1|1|1|1|1|1|1|1|1|1|1|2|2|2
24, Greedy-CNT-D, 1, 1.1057530387042258, 0.27643825967605645, 4,3, 4, 6.6486E-5, 25, 30, 3, 0|0|0|0|0|0|0|0|0|0|0|1|1|1|1|2|2|2|2|2|2|3|3|3|3
24, Greedy-CNT-C, 1, 1.1035238910438414, 0.27588097276096035, 4,3, 4, 6.4803E-5, 25, 30, 3, 0|0|0|0|0|0|0|0|0|0|0|1|1|1|1|2|2|2|2|2|2|3|3|3|3
24, MILP-OPT, 2, 0.9835950039977551, 0.24589875099943878, 4,3, 4, 60.023536222, 25, 30, 3, 0|0|0|0|0|0|0|0|0|0|0|0|1|1|1|1|2|2|2|3|3|3|3|3|3
25, SMP-USER, 1, 1.2633466176867478, 0.31583665442168696, 4,3, 4, 4.70016E-4, 25, 30, 3, 0|0|0|0|0|0|0|0|0|1|1|1|1|1|1|1|1|2|2|2|2|3|3|3|3
25, SMP-SERVER, 1, 1.2266551240896142, 0.30666378102240355, 4,3, 4, 3.85685E-4, 25, 30, 3, 0|0|0|0|0|0|0|0|1|1|1|1|1|1|1|1|2|2|2|2|2|2|2|3|3
25, Greedy-DT, 1, 1.6482552565823767, 0.4120638141455942, 4,3, 4, 5.1044E-5, 25, 30, 3, 0|0|0|0|0|0|0|0|0|0|0|1|1|1|1|1|1|1|3|3|3|3|3|3|3
25, Greedy-CK, 1, 1.6156953615562808, 0.4039238403890702, 4,3, 4, 3.6984E-5, 25, 30, 3, 0|0|0|0|0|0|0|0|0|0|0|1|1|1|1|1|1|1|3|3|3|3|3|3|3
25, Greedy-RD, 1, 1.648013552149207, 0.41200338803730174, 4,3, 4, 8.4559E-5, 25, 30, 3, 0|0|0|0|0|0|0|0|0|0|0|1|1|1|1|1|1|1|3|3|3|3|3|3|3
25, BALANCE, 1, 1.736354752434673, 0.43408868810866824, 4,3, 4, 5.0049E-5, 25, 30, 3, 1|1|1|1|1|1|1|1|1|1|1|1|1|1|1|1|1|1|1|1|1|1|2|2|2
25, Greedy-CNT-D, 1, 1.3786457289751044, 0.3446614322437761, 4,3, 4, 6.441E-5, 25, 30, 3, 0|0|0|0|0|0|0|0|0|1|1|1|1|1|1|1|2|2|2|2|2|2|3|3|3
25, Greedy-CNT-C, 1, 1.4816998740088976, 0.3704249685022244, 4,3, 4, 5.9203E-5, 25, 30, 3, 0|0|0|0|0|0|0|0|0|1|1|1|1|1|1|1|2|2|2|2|2|2|3|3|3
25, MILP-OPT, 2, 1.3629428669484, 0.3407357167371, 4,3, 4, 60.006804522, 25, 30, 3, 0|0|0|0|0|0|0|0|1|1|1|1|1|1|1|2|2|2|2|2|2|2|2|2|3
26, SMP-USER, 1, 0.8119420123355935, 0.20298550308389837, 4,3, 4, 4.04888E-4, 25, 30, 3, 0|0|0|0|0|0|0|0|0|0|1|1|1|1|1|1|1|2|2|2|3|3|3|3|3
26, SMP-SERVER, 1, 0.8324084567507019, 0.20810211418767546, 4,3, 4, 3.68198E-4, 25, 30, 3, 0|0|0|0|0|0|0|0|0|1|1|1|1|1|1|1|1|1|2|2|3|3|3|3|3
26, Greedy-DT, 1, 0.8346746594604012, 0.2086686648651003, 4,3, 4, 4.4134E-5, 25, 30, 3, 0|0|0|0|0|0|0|0|0|0|0|1|1|1|1|1|1|1|3|3|3|3|3|3|3
26, Greedy-CK, 1, 0.8383454398185394, 0.20958635995463484, 4,3, 4, 3.6261E-5, 25, 30, 3, 0|0|0|0|0|0|0|0|0|0|0|1|1|1|1|1|1|1|3|3|3|3|3|3|3
26, Greedy-RD, 1, 0.8331247302635015, 0.20828118256587538, 4,3, 4, 7.0512E-5, 25, 30, 3, 0|0|0|0|0|0|0|0|0|0|0|1|1|1|1|1|1|1|3|3|3|3|3|3|3
26, BALANCE, 1, 1.187064825601496, 0.296766206400374, 4,3, 4, 6.5571E-5, 25, 30, 3, 1|1|1|1|1|1|1|1|1|1|1|1|1|1|1|1|1|1|1|1|1|1|2|2|2
26, Greedy-CNT-D, 1, 0.8537581156884859, 0.21343952892212148, 4,3, 4, 6.1854E-5, 25, 30, 3, 0|0|0|0|0|0|0|1|1|1|1|1|1|1|1|1|1|2|2|2|2|2|2|3|3
26, Greedy-CNT-C, 1, 0.853591461951895, 0.21339786548797374, 4,3, 4, 7.6487E-5, 25, 30, 3, 0|0|0|0|0|0|0|1|1|1|1|1|1|1|1|1|1|2|2|2|2|2|2|3|3
26, MILP-OPT, 2, 0.8585645177925161, 0.21464112944812902, 4,3, 4, 60.018736651, 25, 30, 3, 0|0|0|0|0|0|0|1|1|1|1|1|1|1|1|1|2|2|2|2|2|2|2|2|3
27, SMP-USER, 1, 0.9316619526816619, 0.23291548817041546, 4,3, 4, 4.7137E-4, 25, 30, 3, 0|0|0|0|0|0|1|1|1|1|1|1|1|1|1|1|1|1|2|2|2|2|2|3|3
27, SMP-SERVER, 1, 0.9328685785030725, 0.23321714462576812, 4,3, 4, 3.76622E-4, 25, 30, 3, 0|0|0|0|0|0|0|1|1|1|1|1|1|1|1|1|1|2|2|2|2|2|2|3|3
27, Greedy-DT, 1, 1.1753611506201933, 0.2938402876550483, 4,3, 4, 8.3389E-5, 25, 30, 3, 0|0|0|0|0|0|0|0|0|0|0|1|1|1|1|1|1|1|3|3|3|3|3|3|3
27, Greedy-CK, 1, 1.1815068445191554, 0.29537671112978886, 4,3, 4, 7.4426E-5, 25, 30, 3, 0|0|0|0|0|0|0|0|0|0|0|1|1|1|1|1|1|1|3|3|3|3|3|3|3
27, Greedy-RD, 1, 1.1718040399984235, 0.2929510099996059, 4,3, 4, 8.9941E-5, 25, 30, 3, 0|0|0|0|0|0|0|0|0|0|0|1|1|1|1|1|1|1|3|3|3|3|3|3|3
27, BALANCE, 1, 1.2338095753491007, 0.3084523938372752, 4,3, 4, 5.4117E-5, 25, 30, 3, 1|1|1|1|1|1|1|1|1|1|1|1|1|1|1|1|1|1|1|1|1|1|2|2|2
27, Greedy-CNT-D, 1, 1.0012649679377499, 0.25031624198443747, 4,3, 4, 1.00821E-4, 25, 30, 3, 0|0|0|0|0|0|0|0|0|1|1|1|1|1|1|2|2|2|2|2|2|2|2|3|3
27, Greedy-CNT-C, 1, 1.019824059814957, 0.25495601495373926, 4,3, 4, 6.2717E-5, 25, 30, 3, 0|0|0|0|0|0|0|0|0|1|1|1|1|1|1|2|2|2|2|2|2|2|2|3|3
27, MILP-OPT, 2, 0.9066704284831661, 0.22666760712079154, 4,3, 4, 60.011443317, 25, 30, 3, 0|0|0|0|0|0|0|0|0|1|1|1|1|1|1|2|2|2|2|2|2|2|2|3|3
28, SMP-USER, 1, 0.9805407910170514, 0.24513519775426285, 4,3, 4, 4.35168E-4, 25, 30, 3, 0|0|0|0|0|0|0|1|1|1|1|1|1|1|1|1|1|1|2|2|2|2|3|3|3
28, SMP-SERVER, 1, 0.9835677490678341, 0.24589193726695852, 4,3, 4, 4.35222E-4, 25, 30, 3, 0|0|0|0|0|0|0|1|1|1|1|1|1|1|1|1|1|1|1|2|2|3|3|3|3
28, Greedy-DT, 1, 0.9862404059981486, 0.24656010149953714, 4,3, 4, 4.099E-5, 25, 30, 3, 0|0|0|0|0|0|0|0|0|0|0|1|1|1|1|1|1|1|3|3|3|3|3|3|3
28, Greedy-CK, 1, 1.007047571466874, 0.2517618928667185, 4,3, 4, 3.2685E-5, 25, 30, 3, 0|0|0|0|0|0|0|0|0|0|0|1|1|1|1|1|1|1|3|3|3|3|3|3|3
28, Greedy-RD, 1, 0.9860392153803389, 0.24650980384508472, 4,3, 4, 6.7781E-5, 25, 30, 3, 0|0|0|0|0|0|0|0|0|0|0|1|1|1|1|1|1|1|3|3|3|3|3|3|3
28, BALANCE, 1, 0.9784208210095519, 0.24460520525238796, 4,3, 4, 5.5551E-5, 25, 30, 3, 1|1|1|1|1|1|1|1|1|1|1|1|1|1|1|1|1|1|1|1|1|1|2|2|2
28, Greedy-CNT-D, 1, 0.8884860763620311, 0.22212151909050779, 4,3, 4, 9.7802E-5, 25, 30, 3, 0|0|0|0|0|0|0|1|1|1|1|1|1|1|1|1|1|1|2|2|2|2|3|3|3
28, Greedy-CNT-C, 1, 0.8802558973002493, 0.22006397432506233, 4,3, 4, 1.04447E-4, 25, 30, 3, 0|0|0|0|0|0|0|1|1|1|1|1|1|1|1|1|1|1|2|2|2|2|3|3|3
28, MILP-OPT, 2, 0.8756186922663918, 0.21890467306659794, 4,3, 4, 60.005298178, 25, 30, 3, 0|0|0|0|0|0|0|0|1|1|1|1|1|1|1|1|1|1|2|2|2|3|3|3|3
29, SMP-USER, 1, 0.680778414178925, 0.17019460354473126, 4,3, 4, 4.14451E-4, 25, 30, 3, 0|0|0|0|0|0|1|1|1|1|1|1|1|1|1|1|1|1|2|2|2|2|2|3|3
29, SMP-SERVER, 1, 0.682193107632594, 0.1705482769081485, 4,3, 4, 3.79036E-4, 25, 30, 3, 0|0|0|0|0|0|1|1|1|1|1|1|1|1|1|1|1|1|2|2|2|2|2|3|3
29, Greedy-DT, 1, 1.0231411863878375, 0.25578529659695937, 4,3, 4, 4.4493E-5, 25, 30, 3, 0|0|0|0|0|0|0|0|0|0|0|1|1|1|1|1|1|1|3|3|3|3|3|3|3
29, Greedy-CK, 1, 1.01769984120609, 0.2544249603015225, 4,3, 4, 3.159E-5, 25, 30, 3, 0|0|0|0|0|0|0|0|0|0|0|1|1|1|1|1|1|1|3|3|3|3|3|3|3
29, Greedy-RD, 1, 1.0225398502482317, 0.2556349625620579, 4,3, 4, 6.8436E-5, 25, 30, 3, 0|0|0|0|0|0|0|0|0|0|0|1|1|1|1|1|1|1|3|3|3|3|3|3|3
29, BALANCE, 1, 1.0350970671671944, 0.2587742667917986, 4,3, 4, 5.694E-5, 25, 30, 3, 1|1|1|1|1|1|1|1|1|1|1|1|1|1|1|1|1|1|1|1|1|1|2|2|2
29, Greedy-CNT-D, 1, 0.8108579747069116, 0.2027144936767279, 4,3, 4, 1.06911E-4, 25, 30, 3, 0|0|0|0|0|0|0|0|0|0|0|1|1|1|1|2|2|2|2|2|2|3|3|3|3
29, Greedy-CNT-C, 1, 0.8122903957292672, 0.2030725989323168, 4,3, 4, 5.0975E-5, 25, 30, 3, 0|0|0|0|0|0|0|0|0|0|0|1|1|1|1|2|2|2|2|2|2|3|3|3|3
29, MILP-OPT, 2, 0.6301745527776337, 0.15754363819440842, 4,3, 4, 60.032978497, 25, 30, 3, 0|0|0|0|0|0|0|1|1|1|1|1|1|1|1|1|1|2|2|2|2|2|2|3|3
